Area,Year,Total Exported Value,YoY Growth %,Absolute Growth,Accumulated Growth %,HHI,Strong Product,Strong Product Value,Net Dependency Ratio,Median Export Intensity,YoY Growth Log
Argentina,2005,17269835.0,,,0.0,0.10282762939636868,Cake of soya beans,3798407.0,0.04150676598821008,0.07225236171149699,
Argentina,2006,18759614.0,8.62648079729771,1489779.0,8.626480797297715,0.10285619786298694,Cake of soya beans,4357815.0,0.04361720875493494,0.07822483710197302,2.264517717410185
Argentina,2007,26139071.0,39.33693411815402,7379457.0,51.35680798339995,0.11185512327986072,Cake of soya beans,5748011.0,0.05737304129898113,0.10055441651597362,3.6972675286005083
Argentina,2008,34314694.0,31.27740461778461,8175623.0,98.6972892329313,0.10266778151974662,Cake of soya beans,7129406.0,0.07095438473092605,0.1363877422308543,3.474367437994122
Argentina,2009,25617612.0,-25.34506646044986,-8697082.0,48.33732922173258,0.1314944872201213,Cake of soya beans,8053027.0,0.048517168579179044,0.11151460787528193,-3.271281026354968
Argentina,2010,31590050.0,23.31379677387573,5972438.0,82.92039269628228,0.12344028052193462,Cake of soya beans,8194945.0,0.03921810823344692,0.1255655009669999,3.1910439576992187
Argentina,2011,41895591.0,32.62274355374557,10305541.0,142.59404331309477,0.10721103861364792,Cake of soya beans,9906725.0,0.0349262050032902,0.16626209598220842,3.5152027294619708
Argentina,2012,39472517.0,-5.783601429563312,-2423074.0,128.56337075600317,0.1057513072069305,Cake of soya beans,9865662.0,0.034398237132939866,0.1684569399174262,-1.914508145225236
Argentina,2013,38966373.0,-1.2822693825174647,-506144.0,125.63257263314907,0.12369948780335771,Cake of soya beans,10660573.0,0.03378007493794714,0.14995480848815368,-0.8251702911501645
Argentina,2014,35066206.0,-10.009058323185481,-3900167.0,103.04887684219335,0.1494084041048136,Cake of soya beans,11837636.0,0.034481888345719525,0.1321418907214614,-2.398718417847462
Argentina,2015,32157919.0,-8.29370305986339,-2908287.0,86.20860593051411,0.13585980242572676,Cake of soya beans,9673249.0,0.03662398055048276,0.11560347468295681,-2.2293370804927544
Argentina,2016,34383878.0,6.921962207815757,2225959.0,99.09789526072484,0.12826821260238416,Cake of soya beans,9970589.0,0.04615951115229062,0.12277929824704613,2.069638928652592
Argentina,2017,32617424.0,-5.1374484285920285,-1766454.0,88.86934356929294,0.12110523792521138,Cake of soya beans,9081554.0,0.07039936691505742,0.11274690493340299,-1.8144090904119397
Argentina,2018,30665068.0,-5.985622898975718,-1952356.0,77.56433689146422,0.12663450363673198,Cake of soya beans,8903227.0,0.1290004313703136,0.11182750043320525,-1.9438541653937274
Argentina,2019,35431626.0,15.543934225092858,4766558.0,105.16482062509573,0.11767950581850858,Cake of soya beans,8560238.0,0.07913850750174435,0.11485819505274676,2.8060195225621225
Argentina,2020,32887128.0,-7.181431639631775,-2544498.0,90.4310492833313,0.11570152888148946,Cake of soya beans,7506300.0,0.10022486609350625,0.1095877918255523,-2.101867152370854
Argentina,2021,37410268.0,13.753526911805736,4523140.0,116.62203489494833,0.12393813762774056,Maize (corn),8379755.0,0.11266369436326946,0.12339644971991219,2.6914821668677473
Argentina,2022,49766686.0,33.02948270779562,12356418.0,188.17117245185028,0.12023814462275223,Cake of soya beans,11427486.0,0.08474297444680162,0.16886462095231702,3.527227287333381
Argentina,2023,32365922.0,-34.96468300099388,-17400764.0,87.41303550381345,0.11502838191136716,Cake of soya beans,7379819.0,0.2253018468004712,0.12302982836221839,-3.582537429183266
Argentina,2024,34218455.0,5.72371459092067,1852533.0,98.14002276223252,0.11081185392364551,Maize (corn),6550709.0,0.14485025697390488,0.11306442897983786,1.9056407683219811
Bolivia (Plurinational State of),2005,542505.0,,,0.0,0.21090345215060669,Cake of soya beans,203981.0,0.369414106782426,0.024587621794285218,
Bolivia (Plurinational State of),2006,571439.0,5.333407065372664,28934.0,5.333407065372669,0.20227853720970795,Cake of soya beans,211446.0,0.382380271560044,0.023580802063942776,1.8458383323315113
Bolivia (Plurinational State of),2007,680709.0,19.121901025306286,109270.0,25.475156910996212,0.1778246228149604,Cake of soya beans,227651.0,0.4464595003151126,0.02686121765376226,3.001808825127332
Bolivia (Plurinational State of),2008,913647.0,34.21990894787641,232938.0,68.41264135814417,0.15629093960518664,Cake of soya beans,270432.0,0.41461198909425634,0.03444440351910501,3.561611517825548
Bolivia (Plurinational State of),2009,981057.0,7.378123060656905,67410.0,80.8383332872508,0.16652728640645753,Cake of soya beans,332337.0,0.32243794193405684,0.03428066638023066,2.1256239109651776
Bolivia (Plurinational State of),2010,955421.0,-2.613099952398279,-25636.0,76.11284688620381,0.16576887353642691,Cake of soya beans,308706.0,0.3005805817540121,0.03477602750456148,-1.2845661164377784
Bolivia (Plurinational State of),2011,1179692.0,23.473526330277437,224271.0,117.45274237103807,0.20198212338768737,Cake of soya beans,402381.0,0.4101028064952547,0.04184364409996006,3.197591975379186
Bolivia (Plurinational State of),2012,1494946.0,26.723415942466346,315254.0,175.56354319315028,0.18335853045386674,Cake of soya beans,511571.0,0.29927101045790283,0.047986751454669005,3.322277396977183
Bolivia (Plurinational State of),2013,1886922.0,26.220077514505547,391976.0,247.81651782011224,0.1630344116245444,Cake of soya beans,612241.0,0.26800100905071855,0.05762897099722765,3.3039548449233633
Bolivia (Plurinational State of),2014,1818808.0,-3.609794151533552,-68114.0,235.26105750177416,0.18511973128176,Cake of soya beans,662222.0,0.33506395397425126,0.0555208729693936,-1.5281832034158416
Bolivia (Plurinational State of),2015,1432764.0,-21.22511007209117,-386044.0,164.10152901816573,0.187361467108123,Cake of soya beans,511472.0,0.3393357175361748,0.042348358225392506,-3.1012227340127287
Bolivia (Plurinational State of),2016,1418814.0,-0.9736425538330096,-13950.0,161.53012414632124,0.2128070595351369,Cake of soya beans,550018.0,0.36901242869044143,0.04177289138042498,-0.6798808475292468
Bolivia (Plurinational State of),2017,1028669.0,-27.497966611550208,-390145.0,89.61465792942,0.18862480192106001,Cake of soya beans,352142.0,0.538073957706512,0.029149098376793726,-3.3498327377661385
Bolivia (Plurinational State of),2018,1360567.0,32.26480043629194,331898.0,150.79344890830498,0.21810082045450238,Cake of soya beans,528987.0,0.3896419654452886,0.03571921006072255,3.504499793966234
Bolivia (Plurinational State of),2019,1227641.0,-9.769897403067985,-132926.0,126.29118625634787,0.20083813792609329,Cake of soya beans,453144.0,0.41806684527479937,0.032377559102632486,-2.376754964945391
Bolivia (Plurinational State of),2020,1386879.0,12.971055870568016,159238.0,155.6435424558299,0.18065708538568706,Cake of soya beans,490585.0,0.40803343334205794,0.03605167906693545,2.6369877516989346
Bolivia (Plurinational State of),2021,2095073.0,51.0638635382034,708194.0,286.18501211970397,0.20319081291271987,Cake of soya beans,709954.0,0.24719663706228853,0.052277716904292844,3.952471109993768
Bolivia (Plurinational State of),2022,3099227.0,47.92930842982559,1004154.0,471.28081768831623,0.19719545234067498,Cake of soya beans,980825.0,0.17263401486886892,0.07816634430980983,3.890376571332879
Bolivia (Plurinational State of),2023,2545736.0,-17.85900161556414,-553491.0,369.2557672279518,0.19836683775795141,Cake of soya beans,921349.0,0.22506065043665172,0.06124734860014845,-2.936990339195644
Bolivia (Plurinational State of),2024,1956961.0,-23.12788914482884,-588775.0,260.726813577755,0.14424475417290583,Cake of soya beans,545108.0,0.2512451704453998,0.04481008810818914,-3.1833683973533216
Brazil,2005,29163721.0,,,0.0,0.08758274173466382,Soya beans,5345047.0,0.10184201117546009,0.05427161279350544,
Brazil,2006,32709103.0,12.15682319824689,3545382.0,12.15682319824689,0.08629816850579153,Soya beans,5663424.0,0.1275097638721551,0.0578375122161445,2.5769404984464024
Brazil,2007,40273752.0,23.127045092003897,7564649.0,38.09538227306454,0.07712038363419713,Soya beans,6709381.0,0.12930516133684292,0.06704780623093314,3.183333414285232
Brazil,2008,54406080.0,35.09066649663035,14132328.0,86.55397231375241,0.1016473763630605,Soya beans,13286171.0,0.13003228683264811,0.08495423488087214,3.5860342861103947
Brazil,2009,50178505.0,-7.770409116039967,-4227575.0,72.05796544274992,0.10149867572652096,Soya beans,11424283.0,0.11385309307242214,0.07990185117038115,-2.1713834547874824
Brazil,2010,61277451.0,22.11892522505403,11098946.0,110.11533816278107,0.10230243259454497,Soya beans,13000000.0,0.13183993244105405,0.09151474815539334,3.1406515559180104
Brazil,2011,78320581.0,27.813053124549846,17043130.0,168.55482878882293,0.10772938104652016,Soya beans,17969875.0,0.12215300088236067,0.11108292895955733,3.3608285179539394
Brazil,2012,77102349.0,-1.5554430067366343,-1218232.0,164.37761148517365,0.10074383004556878,Soya beans,17248320.0,0.11751203585250042,0.11040219327507948,-0.9382255967809173
Brazil,2013,80905432.0,4.932512497122499,3803083.0,177.4180702112738,0.12467000133616299,Soya beans,22812300.0,0.12167778796360669,0.10777171214891922,1.780447815878028
Brazil,2014,78128478.0,-3.432345556229155,-2776954.0,167.89612340620045,0.1307435248177301,Soya beans,23277378.0,0.1174954924886672,0.09981097976991066,-1.488928914868857
Brazil,2015,70343685.0,-9.964091454590985,-7784793.0,141.20270866670273,0.12951118761398642,Soya beans,20983575.0,0.09994251793888818,0.08936550788394022,-2.3946255197584487
Brazil,2016,67453837.0,-4.1081839826844435,-2889848.0,131.29365762345623,0.1268366002497793,Soya beans,19331323.0,0.12704445560302224,0.08920952413994145,-1.6308439560581411
Brazil,2017,77333045.0,14.645879966768982,9879208.0,165.16864908973722,0.14975597993732587,Soya beans,25717737.0,0.10461690730010696,0.09395271484942538,2.7502076214175957
Brazil,2018,80742838.0,4.409231525798574,3409793.0,176.86054876193612,0.19775548140959834,Soya beans,33190826.0,0.09763695697691478,0.0974386800802937,1.6881070357814367
Brazil,2019,77226099.0,-4.355481039692954,-3516739.0,164.8019400542201,0.15256539554501056,Soya beans,26077192.0,0.10307394913214508,0.09149577211666116,-1.6781205298732598
Brazil,2020,82892175.0,7.3369962659903365,5666076.0,184.23044850826818,0.15592538093004557,Soya beans,28564147.0,0.10671615264046334,0.0935464127094498,2.1207029915442854
Brazil,2021,98903460.0,19.31579790251614,16011285.0,239.13182751954048,0.1839523032651334,Soya beans,38638731.0,0.11061144878045723,0.1134597638362456,3.0113988051889953
Brazil,2022,133551789.0,35.032474091401866,34648329.0,357.9380971310211,0.16033969522092978,Soya beans,46664334.0,0.09178193037908312,0.1506070636240834,3.584420589940709
Brazil,2023,143857204.0,7.716418534835201,10305415.0,393.2745173361108,0.17356796989769707,Soya beans,53244619.0,0.07665078072836727,0.14639554284907008,2.165208435070749
Brazil,2024,138867347.0,-3.468618088809794,-4989857.0,376.16470820030133,0.13806165759922534,Soya beans,42941655.0,0.0932865808979558,0.14158603345030324,-1.4970792084364806
Chile,2005,3932626.0,,,0.0,0.09260378719749864,Wine,874775.0,0.41001966624845587,0.053178831319406546,
Chile,2006,4386510.0,11.541499242490904,453884.0,11.541499242490895,0.09502689256470712,Wine,960338.0,0.4451741817526918,0.056485906511936454,2.5290430848758843
Chile,2007,5671521.0,29.294610065861004,1285011.0,44.217146507193924,0.09765318243827883,Wine,1251000.0,0.5121650788210076,0.07584869480479889,3.4109698110766526
Chile,2008,6156565.0,8.552273719871618,485044.0,56.55099162747742,0.08988391430555193,Wine,1352833.0,0.5577655721981332,0.08135873695465774,2.256779212005132
Chile,2009,6436454.0,4.546187687452341,279889.0,63.66809353343034,0.0938472265866339,Wine,1374242.0,0.4025283176109081,0.08354203957889683,1.713110788570535
Chile,2010,7428837.0,15.418163479456236,992383.0,88.90270775812395,0.09343067258835286,Wine,1541139.0,0.4610931697653347,0.09501820478239714,2.7983882512072493
Chile,2011,8597930.0,15.737227778722286,1169093.0,118.63075715819404,0.084367869427139,Wine,1683405.0,0.5002028395206753,0.10542753666567337,2.81763544673102
Chile,2012,8895678.0,3.463019587272753,297748.0,126.20198310238501,0.0845302501742197,Wine,1783117.0,0.5253556839624816,0.10670542907271137,1.4958255744505768
Chile,2013,9686710.0,8.89231826961363,791032.0,146.31658337202674,0.08651599937281079,Wine,1951055.0,0.4986175904925408,0.11550205208589036,2.2917585235869566
Chile,2014,9902702.0,2.229776673400985,215992.0,151.80889309077446,0.07909133568957048,Wine,1839993.0,0.4967353354670271,0.12445925113796041,1.172412993482267
Chile,2015,9219716.0,-6.896966100767243,-682986.0,134.4417190955865,0.078397409173949,Wine,1829464.0,0.48566756286202306,0.11183835235731576,-2.0664786478339807
Chile,2016,9597868.0,4.101558008945183,378152.0,144.05748220146032,0.08193212755381812,Wine,1843710.0,0.48122020432037615,0.11839541585592508,1.6295459850271514
Chile,2017,9521576.0,-0.7948848640135453,-76292.0,142.1175062159483,0.08071589747285333,Wine,2008581.0,0.5562357534088894,0.11902144217635986,-0.5849408772721787
Chile,2018,10355415.0,8.757363276835694,833839.0,163.32061579209415,0.0769736606046722,Wine,1985470.0,0.5542599693010855,0.11896115268151415,2.2780222078643617
Chile,2019,10635673.0,2.706390810991155,280258.0,170.4471007413367,0.07997936923085527,Wine,1921091.0,0.5319269405894672,0.12374536999374319,1.3100585758897179
Chile,2020,10614452.0,-0.1995266308018273,-21221.0,169.90748675312628,0.07577527320942366,Wine,1816942.0,0.5610091788064047,0.12721639266468485,-0.18192700463667738
Chile,2021,11171926.0,5.252028083974558,557474.0,184.0831037581504,0.07483806014495797,Wine,1969540.0,0.7836012340217793,0.12527032757757292,1.832905904547631
Chile,2022,11456347.0,2.5458546717906927,284421.0,191.31544672694528,0.07928939510688623,Cherries,2026714.0,0.8066199461311708,0.13208361072818478,1.265779223109593
Chile,2023,12091134.0,5.540919806287281,634787.0,207.4570020134129,0.09380790775278347,Cherries,2940513.0,0.6924991485496729,0.13919566175757678,1.8780777987429778
Chile,2024,12923633.0,6.885202000077073,832499.0,228.62603766541744,0.09732118802188815,Cherries,3263535.0,0.6440257936758186,0.14617430541282966,2.064987838359158
Colombia,2005,3241528.0,,,0.0,0.24406889296356388,"Coffee, green",1487847.0,0.5062683401161427,0.03528667764000471,
Colombia,2006,3471486.0,7.094123512121442,229958.0,7.0941235121214445,0.21666981580806427,"Coffee, green",1476877.0,0.5940533823267615,0.036120667718649586,2.0911383060507918
Colombia,2007,4118871.0,18.64864210888364,647385.0,27.065723325542766,0.2090896284251839,"Coffee, green",1729159.0,0.6635910665811092,0.04137451176120138,2.9780082320538814
Colombia,2008,4851022.0,17.775526351759986,732151.0,49.65232445932906,0.19453070053366456,"Coffee, green",1905306.0,0.7527269511455524,0.047355494159320305,2.93255423197148
Colombia,2009,4375732.0,-9.79772922077039,-475290.0,34.98979493621527,0.17862109932321243,"Coffee, green",1552442.0,0.6847284065843154,0.045489501537074824,-2.3793358546869268
Colombia,2010,4032691.0,-7.839625461522781,-343041.0,24.407100601938346,0.265716039124642,"Coffee, green",1889558.0,0.8688880452283599,0.04178930759624925,-2.179244507145957
Colombia,2011,5293304.0,31.25984609284471,1260613.0,63.29656877867475,0.2841613641378461,"Coffee, green",2623212.0,0.865051771067749,0.05340110926690188,3.4738233018501186
Colombia,2012,4782190.0,-9.655859553881662,-511114.0,47.52888144109815,0.20711848423476936,"Coffee, green",1914285.0,1.1045792827135685,0.04605904797322525,-2.3661099337075786
Colombia,2013,4734651.0,-0.9940843002891997,-47539.0,46.062319992299926,0.19893381950253095,"Coffee, green",1886852.0,1.0630804678106158,0.04279283421798411,-0.6901849476215268
Colombia,2014,5314979.0,12.257038586370994,580328.0,63.9652349139048,0.2528278513202664,"Coffee, green",2477696.0,0.9573578747912268,0.0472975539228061,2.5845286254537223
Colombia,2015,5112635.0,-3.807051730590094,-202344.0,57.722993600548875,0.2784507667109264,"Coffee, green",2533796.0,0.917434943038179,0.043197100219112716,-1.5700839503663164
Colombia,2016,4995563.0,-2.2898564047697523,-117072.0,54.11136352979212,0.2742985010850422,"Coffee, green",2423445.0,0.9889678100346248,0.04125436938381862,-1.190843917858127
Colombia,2017,5429956.0,8.695576454545773,434393.0,67.51223497066815,0.25221970238780844,"Coffee, green",2521765.0,0.9147860498317113,0.04575849294201971,2.271669745879634
Colombia,2018,5243213.0,-3.4391254735765764,-186743.0,61.751279026434446,0.22595313722677643,"Coffee, green",2274700.0,1.0429828046276206,0.043657430834842546,-1.4904573916332184
Colombia,2019,5276755.0,0.6397222466453245,33542.0,62.78603794259992,0.22557758235039796,"Coffee, green",2282170.0,1.0505844974799854,0.04048818356158363,0.49452686569114623
Colombia,2020,5811065.0,10.125730681071987,534310.0,79.26931373105523,0.21540943869782095,"Coffee, green",2453943.0,0.9692782648275317,0.04552732133250954,2.409260505093002
Colombia,2021,6957991.0,19.736932903004867,1146926.0,114.65157789783089,0.22919205718986124,"Coffee, green",3106941.0,1.0515194687662,0.0536743702421501,3.031916308693208
Colombia,2022,8634619.0,24.0964381816533,1676628.0,166.3749626719251,0.24083650967889159,"Coffee, green",3997353.0,1.0806987546294746,0.06454841539505848,3.222725930954841
Colombia,2023,7020610.0,-18.692301304782532,-1614009.0,116.58335204878686,0.19055259571599728,"Coffee, green",2823505.0,1.1287745651731118,0.05184343443928318,-2.9802277626514613
Colombia,2024,8133164.0,15.84697056238702,1112554.0,150.9052520909892,0.20771789696994514,"Coffee, green",3439384.0,0.9300666997493227,0.05840194322246405,2.8241708520520934
Ecuador,2005,1654898.0,,,0.0,0.4273223446789091,Bananas,1068659.0,0.39168154170226804,0.053818375948786204,
Ecuador,2006,1945167.0,17.53999340140602,290269.0,17.539993401406008,0.38335484121625363,Bananas,1184355.0,0.37236031662062946,0.06035775141406536,2.9199302042264277
Ecuador,2007,2149693.0,10.514572784753184,204526.0,29.898821558790935,0.37222086075626626,Bananas,1282036.0,0.44099134155435216,0.06415325662174064,2.4436134318247964
Ecuador,2008,2590240.0,20.493484418472786,440547.0,56.51961631472151,0.40924070345719316,Bananas,1626170.0,0.49529966335165854,0.07573365590347479,3.067749838901003
Ecuador,2009,3089480.0,19.273889678176538,499240.0,86.68703448792614,0.429314218327987,Bananas,1983974.0,0.3401977031733496,0.0845111700855821,3.0093338354033556
Ecuador,2010,3163636.0,2.4002744798477416,74156.0,91.16803573392438,0.4305739779247362,Bananas,2033794.0,0.41667751915833556,0.08227318996490712,1.2238561577306586
Ecuador,2011,3836683.0,21.27447658327317,673047.0,131.8380347308414,0.367574511916556,Bananas,2246351.0,0.4304395228899547,0.10070351825797759,3.1034414751357042
Ecuador,2012,3460189.0,-9.813007746535218,-376494.0,109.08775042328894,0.3791324153976543,Bananas,2068175.0,0.4486176911145605,0.093222468954909,-2.380749830372578
Ecuador,2013,3710657.0,7.238564136236492,250468.0,124.22270133869277,0.40276457999189824,Bananas,2292730.0,0.43594732684804877,0.10162298779318689,2.108826073426054
Ecuador,2014,4132029.0,11.355724875675666,421372.0,149.68481441152264,0.39063519424084847,Bananas,2494197.0,0.4162146490259386,0.10316547763795358,2.5141195083529198
Ecuador,2015,4403855.0,6.578511428646805,271826.0,166.1103584631802,0.41512641659382316,Bananas,2731416.0,0.3477753014120583,0.10492804198708518,2.0253167989239067
Ecuador,2016,4336899.0,-1.5203951992061482,-66956.0,162.06442934851574,0.4011355999798099,Bananas,2657015.0,0.3263091900456985,0.10964289914610538,-0.9244157143093692
Ecuador,2017,4521238.0,4.250479432423959,184339.0,173.2034240176736,0.44946679340031237,Bananas,2959428.0,0.37181033159501886,0.11379450830586968,1.6583193928957793
Ecuador,2018,4717601.0,4.34312460436721,196363.0,185.06898914615886,0.4594005628867364,Bananas,3115836.0,0.40222943822506396,0.12260065200580508,1.6758106137531525
Ecuador,2019,4814628.0,2.0567021246604034,97027.0,190.9320091026758,0.4590108762788053,Bananas,3185474.0,0.39771068502073265,0.11665372029340375,1.1173365977490353
Ecuador,2020,5371125.0,11.558463083752258,556497.0,224.55927797362736,0.4686998401918946,Bananas,3577047.0,0.35439670460099143,0.13409535972945674,2.5303947876094384
Ecuador,2021,5256446.0,-2.1351020503153406,-114679.0,217.62960617512377,0.44356006345209736,Bananas,3393035.0,0.5012481817562665,0.1253872248462807,-1.1426617254897993
Ecuador,2022,5654236.0,7.567660735028947,397790.0,241.66673716446573,0.38865459726255164,Bananas,3386169.0,0.6144973432308096,0.13316045648061522,2.147994735609485
Ecuador,2023,6141221.0,8.612746266692795,486985.0,271.0936263141293,0.3837273565882164,Bananas,3600158.0,0.5360520326495334,0.13690690217581403,2.263089953925468
Ecuador,2024,7941336.0,29.312004892838097,1800115.0,379.86860821633724,0.33381663244829496,Bananas,3353916.0,0.37633415838342565,0.17454310094777883,3.4115438351321647
Paraguay,2005,1343338.0,,,0.0,0.2316595712074196,Soya beans,566188.0,0.17853138971725657,0.0634928032260408,
Paraguay,2006,1456908.0,8.454313061939732,113570.0,8.454313061939734,0.19619393163157522,Soya beans,439135.0,0.18152347299898142,0.06439131317382284,2.246471046053766
Paraguay,2007,2270094.0,55.815878559250145,813186.0,68.98904073286097,0.20876691953632992,Soya beans,890283.0,0.1386647425172702,0.0904089225371389,4.039815838759172
Paraguay,2008,3362332.0,48.114219058770246,1092238.0,150.2967979763842,0.2439945933852415,Soya beans,1485312.0,0.13674973203122118,0.13503618487913546,3.89414858674124
Paraguay,2009,2694159.0,-19.872308861825662,-668173.0,100.55704521125732,0.16440706156966742,Soya beans,787159.0,0.16324017995968315,0.12370832529016476,-3.0384233456276637
Paraguay,2010,3891447.0,44.440138833676855,1197288.0,189.68487454386013,0.2340536116484646,Soya beans,1581435.0,0.14925167938815562,0.13269932552428457,3.816395829726821
Paraguay,2011,4741295.0,21.83886867789797,849848.0,252.94877387522723,0.27506559477649095,Soya beans,2286440.0,0.14935835040848544,0.1549038440553492,3.1284638510697027
Paraguay,2012,4160170.0,-12.256672491376296,-581125.0,209.68899859901234,0.20631371636794466,Soya beans,1577263.0,0.1722706043262655,0.17722703508389567,-2.5845010099310484
Paraguay,2013,5870891.0,41.12142051887302,1710721.0,337.037514013599,0.2376647276768943,Soya beans,2509104.0,0.1265353078433921,0.17528385479730604,3.740556412216385
Paraguay,2014,6290671.0,7.150192364327657,419780.0,368.28653696984674,0.21683463743677517,Soya beans,2305070.0,0.1215781273571611,0.17303450536898504,2.0980415299592137
Paraguay,2015,5185980.0,-17.560781671780322,-1104691.0,286.0517606142311,0.18782791091856182,Soya beans,1594198.0,0.13377625829640685,0.14556045904770085,-2.9210508424076433
Paraguay,2016,5332571.0,2.826678853370046,146591.0,296.96420409457636,0.19789164468191833,Soya beans,1819082.0,0.13196467520076152,0.14526585231155686,1.341997286896823
Paraguay,2017,5377140.0,0.8357882154780505,44569.0,300.2819841320651,0.23197369196781167,Soya beans,2132417.0,0.15200757279892285,0.13397087224676407,0.6074739344980415
Paraguay,2018,5673019.0,5.502534804747494,295879.0,322.30763962606585,0.2258177626683112,Soya beans,2205039.0,0.15984416762926407,0.14094454341474913,1.8721920708442217
Paraguay,2019,4847761.0,-14.5470692060083,-825258.0,260.8742550274019,0.18533391101921,Soya beans,1576120.0,0.16099514806938708,0.1304330442579685,-2.743872145363646
Paraguay,2020,5561865.0,14.730594185645707,714104.0,314.0331770559606,0.2149119119490285,Soya beans,2146550.0,0.12626663897811255,0.13250576921537527,2.7556074903965433
Paraguay,2021,7305846.0,31.356046937493097,1743981.0,443.85761439042153,0.2337832324353746,Soya beans,2975124.0,0.11152644060660463,0.1834453894589294,3.476800925812742
Paraguay,2022,6299761.0,-13.770958216201112,-1006085.0,368.96320955708836,0.1610705775007199,"Meat of cattle boneless, fresh or chilled",1730816.0,0.14344274330407136,0.20045678515957666,-2.6926629702819422
Paraguay,2023,8394022.0,33.243499237510754,2094261.0,524.862990550405,0.22405334804428206,Soya beans,3423953.0,0.11221831441471085,0.22076560437765946,3.533496743408954
Paraguay,2024,7604110.0,-9.410411361800097,-789912.0,466.06081269196585,0.2380505866023453,Soya beans,3170257.0,0.13489376140008497,0.1964228313802064,-2.342806397869204
Peru,2005,966800.0,,,0.0,0.14576599353608055,"Coffee, green",306075.0,1.3672517583781547,0.020058242763493068,
Peru,2006,1299514.0,34.41394290442699,332714.0,34.413942904426975,0.18953201833944916,"Coffee, green",513842.0,1.1595088625439973,0.024987626979570302,3.567105609951037
Peru,2007,1353043.0,4.119155314986989,53529.0,39.95066197765825,0.14558489424376758,"Coffee, green",426890.0,1.498957534978563,0.025233770492182388,1.632989447899521
Peru,2008,1833171.0,35.48505110332783,480128.0,89.61222589987588,0.1553083751426217,"Coffee, green",643800.0,1.5198396658031357,0.031369761460437115,3.5969026178833925
Peru,2009,1791525.0,-2.2718011576661423,-41646.0,85.30461315680596,0.1426249691799781,"Coffee, green",583789.0,1.2093763692943162,0.029594515858400203,-1.1853406460094447
Peru,2010,2345508.0,30.92242642441496,553983.0,142.60529582126605,0.17331593411741958,"Coffee, green",887475.0,1.194889550579235,0.03859163250374138,3.463308785495027
Peru,2011,3513663.0,49.80392307338113,1168155.0,263.43225072403806,0.22425626672169516,"Coffee, green",1580372.0,1.0281617787477058,0.054898204295623095,3.9279735774566324
Peru,2012,3101906.0,-11.718739105030851,-411757.0,220.84257343814647,0.14348354433378913,"Coffee, green",1019987.0,1.2428964643029157,0.045378764929601606,-2.5430764260355905
Peru,2013,3165202.0,2.0405518413517454,63296.0,227.38953247827885,0.09723904667857933,"Coffee, green",695334.0,1.1896776256302126,0.04524059700970305,1.112039025704584
Peru,2014,4150227.0,31.120446657116997,985025.0,329.2746172941663,0.07987934163665669,"Coffee, green",732486.0,0.9829353912448644,0.05763266195093415,3.469492794869702
Peru,2015,4132662.0,-0.4232298618846664,-17565.0,327.4577989242863,0.07515563788650266,Grapes,690379.0,0.911324952294671,0.0567611280859795,-0.35292883936174985
Peru,2016,5056224.0,22.3478716623813,923562.0,422.9855192387257,0.07208244689953956,"Coffee, green",756376.0,0.723513238337542,0.06645085028021079,3.1505058305978655
Peru,2017,4945827.0,-2.1833882359642343,-110397.0,411.56671493587095,0.07364429318500446,"Coffee, green",708822.0,0.8565954692713675,0.06484127164133473,-1.1579461125755626
Peru,2018,5562830.0,12.475224062628953,617003.0,475.3858088539512,0.07756570113844746,Grapes,819537.0,0.7718549730982251,0.06832911584986312,2.600852744681229
Peru,2019,5967660.0,7.277410958091468,404830.0,517.2589987587919,0.08015429706082876,Grapes,879035.0,0.7066977676342151,0.07054596621769268,2.1135302332798016
Peru,2020,6213803.0,4.124615008227672,246143.0,542.7185560612329,0.08815179892910978,Blueberries,1002975.0,0.7024678767575991,0.07308386903308305,1.6340554018569773
Peru,2021,7289158.0,17.305907509459175,1075355.0,653.9468349193215,0.0948230113618193,Other berries and fruits of the genus vaccinium n.e.c.,1201364.0,0.7812367354363837,0.08241233878513414,2.907223822478458
Peru,2022,8005903.0,9.83302872567724,716745.0,728.0826437732727,0.09691870870548656,Other berries and fruits of the genus vaccinium n.e.c.,1351005.0,0.8191748013934218,0.08863911850683326,2.382599682642481
Peru,2023,8698543.0,8.651616188704757,692640.0,799.7251758378154,0.10575597238715556,Grapes,1745479.0,0.6648496190683888,0.09680904561621682,2.2671253820223622
Peru,2024,10917005.0,25.503834377780276,2218462.0,1029.1895945386843,0.10008965851911439,Other berries and fruits of the genus vaccinium n.e.c.,2211932.0,0.5270232082883538,0.1169450241553977,3.277289416026224
Uruguay,2005,1665971.0,,,0.0,0.21473812711260443,"Meat of cattle boneless, fresh or chilled",729414.0,0.1604613765785839,0.07292957922446142,
Uruguay,2006,2006546.0,20.44303292194163,340575.0,20.44303292194162,0.2326316373472634,"Meat of cattle boneless, fresh or chilled",925812.0,0.1573460065206579,0.08623722045480205,3.0653997871094067
Uruguay,2007,2185281.0,8.90759544012447,178735.0,31.171611030444108,0.1580224289813058,"Meat of cattle boneless, fresh or chilled",787943.0,0.17370306152847162,0.09712023748155564,2.2933016791548506
Uruguay,2008,3238678.0,48.20418975866261,1053397.0,94.40182332105421,0.1634459334501042,"Meat of cattle boneless, fresh or chilled",1176281.0,0.17380486729461836,0.14473009421485034,3.895978777568946
Uruguay,2009,3181582.0,-1.7629415459023745,-57096.0,90.97463281173562,0.1360421814047032,"Meat of cattle boneless, fresh or chilled",942218.0,0.16730701896100744,0.13844259725630076,-1.0162958896922885
Uruguay,2010,3861352.0,21.365785951768657,679770.0,131.7778640804672,0.1339995240715998,"Meat of cattle boneless, fresh or chilled",1078534.0,0.16267022535112055,0.15701669930399675,3.1075323783093145
Uruguay,2011,4503909.0,16.640725839032555,642557.0,170.34738299766323,0.13121092864476486,"Meat of cattle boneless, fresh or chilled",1262403.0,0.22519815564657278,0.1851291587645733,2.870210197069563
Uruguay,2012,5484243.0,21.7662923473809,980334.0,229.19198473442813,0.1450402736552553,Soya beans,1379652.0,0.15472217405392139,0.2047710664582605,3.125281036223584
Uruguay,2013,5805713.0,5.861702335217456,321470.0,248.48823899095484,0.16495277950918602,Soya beans,1874522.0,0.18123527635623737,0.22603146944965158,1.9259555647745137
Uruguay,2014,5892560.0,1.4958886186761111,86847.0,253.70123489544537,0.144282313984252,Soya beans,1620814.0,0.16257297337659693,0.21429913658238672,0.9146448255836641
Uruguay,2015,4642175.0,-21.219724533988625,-1250385.0,178.6468071773158,0.15566313918408933,"Meat of cattle boneless, fresh or chilled",1344146.0,0.21293057672319549,0.17264873339666773,-3.100980386924405
Uruguay,2016,4377611.0,-5.699138873480647,-264564.0,162.76633866976076,0.14926000157991506,"Meat of cattle boneless, fresh or chilled",1341258.0,0.20086777925219942,0.17137974796482167,-1.9019789917905296
Uruguay,2017,4925291.0,12.510933474902174,547680.0,195.6408604951707,0.15528136521835345,"Meat of cattle boneless, fresh or chilled",1389963.0,0.1818046893066826,0.17831307478584146,2.6034992446926393
Uruguay,2018,4427066.0,-10.115645958787,-498225.0,165.73487773796782,0.1483162012486528,"Meat of cattle boneless, fresh or chilled",1467305.0,0.24275174573859978,0.1873553249741179,-2.408353661677741
Uruguay,2019,5008799.0,13.140373330779354,581733.0,200.65343274282688,0.1623384180948293,"Meat of cattle boneless, fresh or chilled",1629091.0,0.1966329653076516,0.18607503995350055,2.6490340625795312
Uruguay,2020,4420765.0,-11.740019912957179,-588034.0,165.35665986982966,0.1500510903391527,"Meat of cattle boneless, fresh or chilled",1397856.0,0.22488166640841573,0.18044085337672744,-2.544748213169262
Uruguay,2021,6072427.0,37.361452146856934,1651662.0,264.49776136559404,0.15793393156003038,"Meat of cattle boneless, fresh or chilled",2096074.0,0.19828628652102365,0.2300251487084534,3.6470531050562065
Uruguay,2022,7630732.0,25.661979962871516,1558305.0,358.03510385234796,0.16422868570703358,"Meat of cattle boneless, fresh or chilled",2263253.0,0.18372090646087427,0.2617246452333487,3.283238579167368
Uruguay,2023,5844343.0,-23.41045393810187,-1786389.0,250.80700684465697,0.11924163766978602,"Meat of cattle boneless, fresh or chilled",1735204.0,0.2772729116001576,0.2409744411382727,-3.1950114806310514
Uruguay,2024,5902209.0,0.9901198475175121,57866.0,254.28041664590802,0.1387733269262025,"Meat of cattle boneless, fresh or chilled",1687084.0,0.26114849541925744,0.21074049344806656,0.6881948618061275
Venezuela (Bolivarian Republic of),2005,298827.0,,,0.0,0.08585216139680549,"Undenatured ethyl alcohol of an alcoholic strength by volume of less than 80% vol; spirits, liqueurs and other spirituous beverages",58360.0,6.890923510927728,0.0002292050342996969,
Venezuela (Bolivarian Republic of),2006,151072.0,-49.4449966033859,-147755.0,-49.4449966033859,0.06492126746232396,"Undenatured ethyl alcohol of an alcoholic strength by volume of less than 80% vol; spirits, liqueurs and other spirituous beverages",21082.0,18.77364435500953,0.0001140089375544903,-3.9208835665273223
Venezuela (Bolivarian Republic of),2007,141339.0,-6.442623384876089,-9733.0,-52.702065074441066,0.08282908932733318,Cocoa beans,25333.0,30.48050431940229,0.00010264106038618262,-2.007223392188391
Venezuela (Bolivarian Republic of),2008,105894.0,-25.07800394795492,-35445.0,-64.56344306237388,0.13161296401959638,"Undenatured ethyl alcohol of an alcoholic strength by volume of less than 80% vol; spirits, liqueurs and other spirituous beverages",31014.0,84.14711881693013,7.557655837919153e-05,-3.2610921983915184
Venezuela (Bolivarian Republic of),2009,51402.0,-51.45900617598731,-54492.0,-82.79874308546417,0.11726098073904076,"Undenatured ethyl alcohol of an alcoholic strength by volume of less than 80% vol; spirits, liqueurs and other spirituous beverages",12689.0,139.2112952803393,3.587356863016508e-05,-3.9600320298442457
Venezuela (Bolivarian Republic of),2010,44945.0,-12.561768024590481,-6457.0,-84.959525076382,0.16357776796477905,Other manufactured tobacco and manufactured tobacco substitutes; 'homogenized' or 'reconstituted' tobacco; tobacco extracts and essences,10332.0,141.80378240071198,3.012728075304455e-05,-2.607254659307109
Venezuela (Bolivarian Republic of),2011,31197.0,-30.58849705195239,-13748.0,-89.56018030499251,0.2105470758523133,"Undenatured ethyl alcohol of an alcoholic strength by volume of less than 80% vol; spirits, liqueurs and other spirituous beverages",11522.0,226.9450908741225,1.9232223025047474e-05,-3.4527930369791915
Venezuela (Bolivarian Republic of),2012,23914.0,-23.345193448087954,-7283.0,-91.9973764084236,0.23262660786611028,Cocoa beans,9810.0,355.0037634858242,1.6639347273794808e-05,-3.1923344357147374
Venezuela (Bolivarian Republic of),2013,35154.0,47.00175629338463,11240.0,-88.23600277083396,0.1208037280250418,Cocoa beans,7310.0,296.91722136883425,2.4296083544108977e-05,3.8712375996840267
Venezuela (Bolivarian Republic of),2014,22496.0,-36.00728224384139,-12658.0,-92.47189845629745,0.13042900767312007,Sesame seed,5092.0,469.3308588193457,1.5275799124222058e-05,-3.6111147106793395
Venezuela (Bolivarian Republic of),2015,43428.0,93.04765291607397,20932.0,-85.4671766607435,0.22432285346250064,Sesame seed,13388.0,144.16892327530624,,4.5438015997320145
Venezuela (Bolivarian Republic of),2016,20214.0,-53.45399281569494,-23214.0,-93.23555100442731,0.2059679447131484,"Undenatured ethyl alcohol of an alcoholic strength by volume of less than 80% vol; spirits, liqueurs and other spirituous beverages",6753.0,227.45028198278422,,-3.997356176638944
Venezuela (Bolivarian Republic of),2017,20438.0,1.10814287127734,224.0,-93.16059124510167,0.1537751847898285,Sesame seed,5786.0,203.46775614052257,,0.7458074041307075
Venezuela (Bolivarian Republic of),2018,11822.0,-42.15676680692827,-8616.0,-96.04386484487681,0.0835826589304538,Sesame seed,1867.0,322.2330400947386,,-3.7648392257889163
Venezuela (Bolivarian Republic of),2019,6048.0,-48.84114363051937,-5774.0,-97.97608649820799,0.1296841974958708,Cocoa beans,1466.0,616.0310846560847,,-3.9088408202536495
Venezuela (Bolivarian Republic of),2020,8286.0,37.00396825396825,2238.0,-97.22715818851711,0.15496066899671523,Cocoa beans,2314.0,452.95558773835387,,3.637690582010196
Venezuela (Bolivarian Republic of),2021,350583.0,4131.028240405503,342297.0,17.319720105612944,0.16908467701460048,Cattle,117777.0,8.414252830285553,,8.32652366477704
Venezuela (Bolivarian Republic of),2022,48186.0,-86.25546589537998,-302397.0,-83.87495105863928,0.21011832290482305,"Beans, dry",20092.0,57.0152948989333,,-4.468840205485722
Venezuela (Bolivarian Republic of),2023,70016.0,45.30361515792969,21830.0,-76.5697209422174,0.18537151721353742,"Beans, dry",26069.0,33.89700925502742,,3.835220039208801
Venezuela (Bolivarian Republic of),2024,217699.0,210.92750228519196,147683.0,-27.148818547186167,0.1797759406714493,Cocoa beans,61091.0,12.890008681711905,,5.356244245833949
